{"className":"Layout","props":{"name":"Layout","label":""},"children":[{"className":"Page","props":{"direction":"column","background":""},"children":[{"className":"Speech","props":{"stateName":"$Speak","voiceURI":"","pitch":"1","rate":"1","volume":"1"},"children":[]},{"className":"Stack","props":{"direction":"column","background":"","scale":"1"},"children":[{"className":"Display","props":{"stateName":"$Display","Name":"","background":"white","fontSize":"3","scale":"1.5"},"children":[]},{"className":"TabControl","props":{"stateName":"$tabControl","background":"","scale":"6","tabEdge":"none","name":"tabs"},"children":[{"className":"TabPanel","props":{"direction":"column","background":"","scale":"1","name":"grid","label":""},"children":[{"className":"Grid","props":{"fillItems":"true","rows":"3","columns":"10","scale":"1","name":"hp","background":"white"},"children":[{"className":"GridFilter","props":{"field":"#sheetName","operator":"equals","value":"$sheetName"},"children":[]},{"className":"GridFilter","props":{"field":"#halves","operator":"equals","value":"$halves"},"children":[]}]}]},{"className":"TabPanel","props":{"direction":"column","background":"","scale":"1","name":"VSD","label":""},"children":[{"className":"VSD","props":{"name":"VSD","scale":"1"},"children":[{"className":"GridFilter","props":{"field":"#sheetName","operator":"equals","value":"'VSD'"},"children":[]},{"className":"GridFilter","props":{"field":"#role","operator":"equals","value":"$image"},"children":[]}]}]}]},{"className":"Grid","props":{"fillItems":"false","rows":"3","columns":"3","scale":"1.2","name":"button","background":"white"},"children":[{"className":"GridFilter","props":{"field":"#sheetName","operator":"equals","value":"'Button'"},"children":[]}]}]},{"className":"Customize","props":{"name":"Style","css":"button[#color =\"green\"] {background-color: springgreen;}\nbutton[#color =\"red\"] {background-color: lightcoral;}\nbutton[#color =\"yellow\"] {background-color: yellow;}\nbutton[#color =\"ly\"] {background-color: lightyellow;}\nbutton[#color =\"blue\"] {background-color: powderblue;}\nbutton[#color =\"purple\"] {background-color: plum;}\nbutton[#color =\"orange\"] {background-color: lightsalmon;}\nbutton[#color =\"lb\"] {background-color: lightcyan;}\nbutton[#color =\"lr\"] {background-color: lightpink;}\nbutton[#color =\"lg\"] {background-color: palegreen;}\nbutton[#label] { font-weight: bold; font-family: Arial, Helvetica, sans-serif;}\nbutton[#label] { font-size: 25px; }\nbutton[#font = \"small\"] { font-size: 20px;}\n"},"children":[]},{"className":"HeadMouse","props":{"stateName":"$HeadMouse"},"children":[]}]}]}