{"className":"Actions","props":{"name":"Actions","label":"","scale":"1"},"children":[{"className":"Action","props":{"origin":"init"},"children":[{"className":"ActionCondition","props":{"Condition":""},"children":[]},{"className":"ActionUpdate","props":{"stateName":"$role","newValue":"'pg1'"},"children":[]},{"className":"ActionUpdate","props":{"stateName":"$HeadMouse","newValue":"\"on\""},"children":[]}]},{"className":"Action","props":{"origin":"*"},"children":[{"className":"ActionCondition","props":{"Condition":"#nav"},"children":[]},{"className":"ActionUpdate","props":{"stateName":"$role","newValue":"#nav"},"children":[]}]}]}