{"className":"Layout","props":{"name":"Layout","label":""},"children":[{"className":"Page","props":{"direction":"column","background":""},"children":[{"className":"Speech","props":{"stateName":"$Speak","voiceURI":"","pitch":"1","rate":"0.7","volume":"1"},"children":[]},{"className":"Stack","props":{"direction":"column","background":"","scale":"1"},"children":[{"className":"Display","props":{"stateName":"$Display","Name":"MW","background":"white","fontSize":"6","scale":"1"},"children":[]},{"className":"TabControl","props":{"stateName":"$tabControl","background":"","scale":"5","tabEdge":"none","name":"tabs"},"children":[{"className":"TabPanel","props":{"direction":"row","background":"","scale":"1","name":"pg1","label":""},"children":[{"className":"Grid","props":{"fillItems":"false","rows":"6","columns":"10","scale":"1.3","name":"hp","background":"black"},"children":[{"className":"GridFilter","props":{"field":"#sheetName","operator":"equals","value":"'pg 1'"},"children":[]},{"className":"GridFilter","props":{"field":"#rl","operator":"equals","value":"$role"},"children":[]}]}]}]}]},{"className":"Customize","props":{"name":"Style","css":"button[#color =\"white\"] {background-color: white;}\n\nbutton[#label] { font-weight: bold; font-family: Arial, Helvetica, sans-serif;}\nbutton[#label] { font-size: 25px; }\n\n"},"children":[]},{"className":"HeadMouse","props":{"stateName":"$HeadMouse"},"children":[]}]}]}